{
  "0": {
    "0": 0.2574025332285757,
    "1": 0.2872433414710285,
    "2": 0.677001964053193,
    "3": 0.21527501704982366
  },
  "[0, {\"prob\": 1}]": {
    "0": 0.4304405182628732,
    "1": 0.46763328785220293,
    "2": 0.802144187541538,
    "3": 0.6381723232868644
  },
  "4": {
    "0": 0.28783475521939017,
    "1": 0.18225174658724458,
    "2": 0.0,
    "3": 0.2716669266098579
  },
  "8": {
    "0": 0.2730287134192595,
    "1": 0.0,
    "2": 0.33375048204547775,
    "3": 0.36413617691937816
  },
  "1": {
    "0": 0.6359912355914709,
    "1": 0.0,
    "2": 0.9476973807829384,
    "3": 0.5226889221181928
  },
  "9": {
    "0": 0.5563523202763386,
    "1": 0.8974877038383957,
    "2": 0.489896494256362,
    "3": 0.0
  },
  "10": {
    "0": 0.8057921566999435,
    "1": 0.9899999999998412,
    "2": 0.0,
    "3": 0.8953280592650595
  },
  "5": {
    "0": 0.0,
    "1": 0.0,
    "2": 0.0,
    "3": 0.0
  },
  "2": {
    "0": 0.27200903554724964,
    "1": 0.9676932164987304,
    "2": 0.4797715146204703,
    "3": 0.7200411197657082
  },
  "3": {
    "0": 0.7191989955044431,
    "1": 0.0,
    "2": 0.39963064056321385,
    "3": 0.40078826418894575
  },
  "12": {
    "0": 0.0,
    "1": 0.0,
    "2": 0.0,
    "3": 0.0
  },
  "6": {
    "0": 0.0,
    "1": 0.9798607177697874,
    "2": 0.0,
    "3": 0.5887495971360339
  },
  "7": {
    "0": 0.0,
    "1": 0.0,
    "2": 0.0,
    "3": 0.0
  },
  "11": {
    "0": 0.0,
    "1": 0.0,
    "2": 0.0,
    "3": 0.0
  },
  "14": {
    "0": 0.9029785469659944,
    "1": 0.9899958437089025,
    "2": 1.0,
    "3": 0.9420408869296124
  },
  "13": {
    "0": 0.0,
    "1": 0.8733183965281612,
    "2": 0.9866360624589904,
    "3": 0.7244929479128182
  },
  "15": {
    "0": 0.0,
    "1": 0.0,
    "2": 0.0,
    "3": 0.0
  }
}